上海中洲特种合金材料股份有限公司,http://www.tianyancha.com/company/357824966
上海复观网络科技股份有限公司,http://www.tianyancha.com/company/2326916680
上海实业马利画材有限公司,http://www.tianyancha.com/company/243352998
上海微令信息科技有限公司,http://www.tianyancha.com/company/2310286350
上海晨阑数据技术股份有限公司,http://www.tianyancha.com/company/2404268449
上海洁昊环保股份有限公司,http://www.tianyancha.com/company/1334149068
上海点胜网络科技有限公司,http://www.tianyancha.com/company/2313580847
上海熙风电子商务有限公司,http://www.tianyancha.com/company/1227409770
上海益盟软件技术股份有限公司,http://www.tianyancha.com/company/335815633
上海致远绿色能源股份有限公司,http://www.tianyancha.com/company/733232560
上海艾铭思汽车电子系统有限公司,http://www.tianyancha.com/company/826347042
上海英翼文化传播有限公司,http://www.tianyancha.com/company/340044897
上海车享家汽车科技服务有限公司,http://www.tianyancha.com/company/2316264924
上海麦子资产管理有限公司,http://www.tianyancha.com/company/316857274
中交通力建设股份有限公司,http://www.tianyancha.com/company/248475828
中国物流有限公司,http://www.tianyancha.com/company/2349016679
中文天地出版传媒股份有限公司,http://www.tianyancha.com/company/2066765
北京爱旅伟邦科技有限公司,http://www.tianyancha.com/company/35027356
北京纳特比特科技有限公司,http://www.tianyancha.com/company/30099813
北京聚能鼎力科技股份有限公司,http://www.tianyancha.com/company/176277626
北京途虎信息技术有限公司,http://www.tianyancha.com/company/27412800
北京麦轮泰电子商务有限公司,http://www.tianyancha.com/company/2350428804
唐山德生防水股份有限公司,http://www.tianyancha.com/company/23527917
国水投资集团西安风电设备股份有限公司,http://www.tianyancha.com/company/2309977828
壹玖壹玖酒类平台科技股份有限公司,http://www.tianyancha.com/company/2352031375
天津久日新材料股份有限公司,http://www.tianyancha.com/company/774573686
天津银龙预应力材料股份有限公司,http://www.tianyancha.com/company/146468471
宁波惠尔顿婴童安全科技股份有限公司,http://www.tianyancha.com/company/50664432
宁波柯力传感科技股份有限公司,http://www.tianyancha.com/company/43976973
常州新港热电有限公司,http://www.tianyancha.com/company/2348888298
常州龙腾太阳能热电设备有限公司,http://www.tianyancha.com/company/2348321940
广东汉鸿木业有限公司,http://www.tianyancha.com/company/778308243
广州深海软件股份发展有限公司,http://www.tianyancha.com/company/2352479167
广州深海软件股份有限公司,http://www.tianyancha.com/company/2352479167
搜股（北京）科技有限公司,http://www.tianyancha.com/company/2349771808
新疆现代石油化工股份有限公司,http://www.tianyancha.com/company/367845384
易视腾科技股份有限公司,http://www.tianyancha.com/company/2352448711
来谊金融信息科技（上海）股份有限公司,http://www.tianyancha.com/company/2338442193
杭州立方控股股份有限公司,http://www.tianyancha.com/company/445601690
欢瑞世纪联合股份有限公司,http://www.tianyancha.com/company/3008736029
武汉元丰汽车电控系统有限公司,http://www.tianyancha.com/company/149665271
武汉元丰汽车零部件有限公司,http://www.tianyancha.com/company/114923363
江苏兴盛重工有限公司,http://www.tianyancha.com/company/2340039205
泰华智慧产业集团股份有限公司,http://www.tianyancha.com/company/1173604750
浙江东阳中广影视文化股份有限公司,http://www.tianyancha.com/company/2348874809
浙江每日互动网络科技股份有限公司,http://www.tianyancha.com/company/2353849537
浙江瑞明节能科技股份有限公司,http://www.tianyancha.com/company/40324408
深圳市时讯互联科技有限公司,http://www.tianyancha.com/company/1411922243
深圳市有棵树科技股份有限公司,http://www.tianyancha.com/company/2314322343
深圳市联赢激光股份有限公司,http://www.tianyancha.com/company/80169705
深圳市麦士德福科技股份有限公司,http://www.tianyancha.com/company/1402423555
深圳韩游互动科技有限公司,http://www.tianyancha.com/company/2350760152
湖北省宏源药业科技股份有限公司,http://www.tianyancha.com/company/664692849
湖南立得皮革有限公司,http://www.tianyancha.com/company/2352557204
福建毅宏游艇股份有限公司,http://www.tianyancha.com/company/2344363745
航天精工股份有限公司,http://www.tianyancha.com/company/197070433
苏州金宏气体股份有限公司,http://www.tianyancha.com/company/169456313
虎扑（上海）文化传播股份有限公司,http://www.tianyancha.com/company/1506475067
西安凯立新材料股份有限公司,http://www.tianyancha.com/company/1731199001
西安天光半导体有限公司,http://www.tianyancha.com/company/2310465933
西安汇龙科技股份有限公司,http://www.tianyancha.com/company/854598
西安泰力松新材料股份有限公司,http://www.tianyancha.com/company/1699847456
西安瑞联新材料股份有限公司,http://www.tianyancha.com/company/1545276195
西安航天三沃机电设备有限责任公司,http://www.tianyancha.com/company/1670960075
西安西工大超晶科技发展有限责任公司,http://www.tianyancha.com/company/592083909
西安鑫陶瓷复合材料有限公司,http://www.tianyancha.com/company/562325912
西部超导材料科技股份有限公司,http://www.tianyancha.com/company/32611965
酷吧时代科技（北京）有限公司,http://www.tianyancha.com/company/24956449
金能科技股份有限公司,http://www.tianyancha.com/company/507088794
铜陵有色金属集团股份有限公司,http://www.tianyancha.com/company/184358746
陕西中科博亿电子科技有限公司,http://www.tianyancha.com/company/1735430955
陕西诺维北斗信息科技股份有限公司,http://www.tianyancha.com/company/2319505892
陕西运维电力股份有限公司,http://www.tianyancha.com/company/558483280
青岛森麒麟集团股份有限公司,http://www.tianyancha.com/company/2318908027
青岛达能环保设备股份有限公司,http://www.tianyancha.com/company/833715702
马鞍山圆融光电科技有限公司,http://www.tianyancha.com/company/392193677
